time_s,bpm_rubber,bpm_thermistor,bpm_fused,error_rubber,error_thermistor,error_fused,sq_error_rubber,sq_error_thermistor,sq_error_fused
15.007,7.770,6.990,7.380,1.766,0.986,1.376,3.119,0.972,1.893
15.277,10.620,6.990,8.805,4.616,0.986,2.801,21.307,0.972,7.846
15.508,10.710,7.010,8.860,4.706,1.006,2.856,22.146,1.012,8.157
15.758,8.110,7.000,7.555,2.106,0.996,1.551,4.435,0.992,2.406
16.008,7.990,8.000,7.995,1.986,1.996,1.991,3.944,3.984,3.964
16.258,7.880,8.000,7.940,1.876,1.996,1.936,3.519,3.984,3.748
16.508,7.860,8.000,7.930,1.856,1.996,1.926,3.445,3.984,3.709
16.757,7.890,8.500,8.195,1.886,2.496,2.191,3.557,6.230,4.800
17.008,7.900,8.100,8.000,1.896,2.096,1.996,3.595,4.393,3.984
17.259,7.930,7.170,7.550,1.926,1.166,1.546,3.709,1.360,2.390
17.509,7.930,7.170,7.550,1.926,1.166,1.546,3.709,1.360,2.390
17.759,7.960,7.170,7.565,1.956,1.166,1.561,3.826,1.360,2.437
18.009,7.970,7.170,7.570,1.966,1.166,1.566,3.865,1.360,2.452
18.259,7.970,7.520,7.745,1.966,1.516,1.741,3.865,2.298,3.031
18.509,7.990,7.520,7.755,1.986,1.516,1.751,3.944,2.298,3.066
18.759,7.990,7.520,7.755,1.986,1.516,1.751,3.944,2.298,3.066
19.010,7.990,7.520,7.755,1.986,1.516,1.751,3.944,2.298,3.066
19.260,7.990,7.520,7.755,1.986,1.516,1.751,3.944,2.298,3.066
19.510,9.020,9.140,9.080,3.016,3.136,3.076,9.096,9.834,9.462
19.760,8.950,9.140,9.045,2.946,3.136,3.041,8.679,9.834,9.248
20.010,8.920,8.690,8.805,2.916,2.686,2.801,8.503,7.215,7.846
20.260,8.900,8.690,8.795,2.896,2.686,2.791,8.387,7.215,7.790
20.510,8.840,8.690,8.765,2.836,2.686,2.761,8.043,7.215,7.623
20.761,8.100,8.690,8.395,2.096,2.686,2.391,4.393,7.215,5.717
21.011,8.100,8.690,8.395,2.096,2.686,2.391,4.393,7.215,5.717
21.261,8.070,8.690,8.380,2.066,2.686,2.376,4.268,7.215,5.645
21.511,8.070,8.690,8.380,2.066,2.686,2.376,4.268,7.215,5.645
21.761,8.040,9.020,8.530,2.036,3.016,2.526,4.145,9.096,6.381
22.010,8.000,9.120,8.560,1.996,3.116,2.556,3.984,9.709,6.533
22.262,7.990,9.220,8.605,1.986,3.216,2.601,3.944,10.343,6.765
22.512,7.960,9.220,8.590,1.956,3.216,2.586,3.826,10.343,6.687
22.762,7.970,9.220,8.595,1.966,3.216,2.591,3.865,10.343,6.713
23.011,7.970,9.220,8.595,1.966,3.216,2.591,3.865,10.343,6.713
23.262,7.970,9.220,8.595,1.966,3.216,2.591,3.865,10.343,6.713
23.512,7.960,9.220,8.590,1.956,3.216,2.586,3.826,10.343,6.687
23.762,7.960,9.220,8.590,1.956,3.216,2.586,3.826,10.343,6.687
24.013,7.900,9.220,8.560,1.896,3.216,2.556,3.595,10.343,6.533
24.263,8.110,9.220,8.665,2.106,3.216,2.661,4.435,10.343,7.081
24.512,8.510,8.320,8.415,2.506,2.316,2.411,6.280,5.364,5.813
24.763,8.450,8.320,8.385,2.446,2.316,2.381,5.983,5.364,5.669
25.013,8.410,8.170,8.290,2.406,2.166,2.286,5.789,4.692,5.226
25.263,8.420,8.170,8.295,2.416,2.166,2.291,5.837,4.692,5.249
25.513,8.440,8.170,8.305,2.436,2.166,2.301,5.934,4.692,5.295
25.764,8.440,8.170,8.305,2.436,2.166,2.301,5.934,4.692,5.295
26.014,8.450,8.170,8.310,2.446,2.166,2.306,5.983,4.692,5.318
26.264,8.450,8.170,8.310,2.446,2.166,2.306,5.983,4.692,5.318
26.514,8.470,8.170,8.320,2.466,2.166,2.316,6.081,4.692,5.364
26.764,8.480,7.960,8.220,2.476,1.956,2.216,6.131,3.826,4.911
27.014,8.480,7.960,8.220,2.476,1.956,2.216,6.131,3.826,4.911
27.264,8.480,7.960,8.220,2.476,1.956,2.216,6.131,3.826,4.911
27.515,8.480,7.960,8.220,2.476,1.956,2.216,6.131,3.826,4.911
27.765,8.480,7.960,8.220,2.476,1.956,2.216,6.131,3.826,4.911
28.014,8.480,7.960,8.220,2.476,1.956,2.216,6.131,3.826,4.911
28.265,9.520,7.960,8.740,3.516,1.956,2.736,12.362,3.826,7.486
28.515,9.430,7.960,8.695,3.426,1.956,2.691,11.737,3.826,7.241
28.765,9.390,7.960,8.675,3.386,1.956,2.671,11.465,3.826,7.134
29.015,9.350,8.690,9.020,3.346,2.686,3.016,11.196,7.215,9.096
29.266,9.330,9.510,9.420,3.326,3.506,3.416,11.062,12.292,11.669
29.516,9.310,9.600,9.455,3.306,3.596,3.451,10.930,12.931,11.909
29.765,9.310,9.750,9.530,3.306,3.746,3.526,10.930,14.033,12.433
30.016,8.650,8.950,8.800,2.646,2.946,2.796,7.001,8.679,7.818
30.266,8.650,8.950,8.800,2.646,2.946,2.796,7.001,8.679,7.818
30.516,8.650,8.950,8.800,2.646,2.946,2.796,7.001,8.679,7.818
30.767,8.650,8.950,8.800,2.646,2.946,2.796,7.001,8.679,7.818
31.016,8.620,8.950,8.785,2.616,2.946,2.781,6.843,8.679,7.734
31.267,8.570,8.950,8.760,2.566,2.946,2.756,6.584,8.679,7.596
31.517,8.570,8.950,8.760,2.566,2.946,2.756,6.584,8.679,7.596
31.767,8.560,9.510,9.035,2.556,3.506,3.031,6.533,12.292,9.187
32.017,8.560,9.530,9.045,2.556,3.526,3.041,6.533,12.433,9.248
32.267,8.540,7.840,8.190,2.536,1.836,2.186,6.431,3.371,4.779
32.517,8.530,7.840,8.185,2.526,1.836,2.181,6.381,3.371,4.757
32.768,8.510,7.840,8.175,2.506,1.836,2.171,6.280,3.371,4.713
33.018,8.500,7.840,8.170,2.496,1.836,2.166,6.230,3.371,4.692
33.268,8.450,7.840,8.145,2.446,1.836,2.141,5.983,3.371,4.584
33.518,7.940,7.840,7.890,1.936,1.836,1.886,3.748,3.371,3.557
33.768,8.390,8.950,8.670,2.386,2.946,2.666,5.693,8.679,7.108
34.018,8.360,8.950,8.655,2.356,2.946,2.651,5.551,8.679,7.028
34.268,8.360,8.960,8.660,2.356,2.956,2.656,5.551,8.738,7.054
34.519,8.360,9.610,8.985,2.356,3.606,2.981,5.551,13.003,8.886
34.768,8.380,9.610,8.995,2.376,3.606,2.991,5.645,13.003,8.946
35.018,8.380,9.610,8.995,2.376,3.606,2.991,5.645,13.003,8.946
35.269,8.390,9.610,9.000,2.386,3.606,2.996,5.693,13.003,8.976
35.519,8.390,9.610,9.000,2.386,3.606,2.996,5.693,13.003,8.976
35.926,8.390,9.610,9.000,2.386,3.606,2.996,5.693,13.003,8.976
36.019,8.390,9.610,9.000,2.386,3.606,2.996,5.693,13.003,8.976
